location,x,y
2A-1A-01,-79.54,21.42
2A-1A-02,-79.54,21.42
2A-1A-03,-79.54,23.6
2A-1A-04,-79.54,23.6
2A-1A-05,-79.54,25.78
2A-1A-06,-79.54,25.78
2A-1A-07,-79.54,27.96
2A-1A-08,-79.54,27.96
2A-1A-09,-79.54,30.14
2A-1A-10,-79.54,30.14
2A-1A-11,-79.54,32.32
2A-1A-12,-79.54,32.32
2A-1A-13,-79.54,34.5
2A-1A-14,-79.54,34.5
2A-1A-15,-79.54,36.68
2A-1A-16,-79.54,36.68
2A-1B-01,-77.7,36.68
2A-1B-02,-77.7,36.68
2A-1B-03,-77.7,34.5
2A-1B-04,-77.7,34.5
2A-1B-05,-77.7,32.32
2A-1B-06,-77.7,32.32
2A-1B-07,-77.7,30.14
2A-1B-08,-77.7,30.14
2A-1B-09,-77.7,27.96
2A-1B-10,-77.7,27.96
2A-1B-11,-77.7,25.78
2A-1B-12,-77.7,25.78
2A-1B-13,-77.7,23.6
2A-1B-14,-77.7,23.6
2A-1B-15,-77.7,21.42
2A-1B-16,-77.7,21.42
2A-1C-01,-75.86,21.42
2A-1C-02,-75.86,21.42
2A-1C-03,-75.86,23.6
2A-1C-04,-75.86,23.6
2A-1C-05,-75.86,25.78
2A-1C-06,-75.86,25.78
2A-1C-07,-75.86,27.96
2A-1C-08,-75.86,27.96
2A-1C-09,-75.86,30.14
2A-1C-10,-75.86,30.14
2A-1C-11,-75.86,32.32
2A-1C-12,-75.86,32.32
2A-1C-13,-75.86,34.5
2A-1C-14,-75.86,34.5
2A-1C-15,-75.86,36.68
2A-1C-16,-75.86,36.68
2A-1D-01,-74.02,36.68
2A-1D-02,-74.02,36.68
2A-1D-03,-74.02,34.5
2A-1D-04,-74.02,34.5
2A-1D-05,-74.02,32.32
2A-1D-06,-74.02,32.32
2A-1D-07,-74.02,30.14
2A-1D-08,-74.02,30.14
2A-1D-09,-74.02,27.96
2A-1D-10,-74.02,27.96
2A-1D-11,-74.02,25.78
2A-1D-12,-74.02,25.78
2A-1D-13,-74.02,23.6
2A-1D-14,-74.02,23.6
2A-1D-15,-74.02,21.42
2A-1D-16,-74.02,21.42
2A-1E-01,-72.18,21.42
2A-1E-02,-72.18,21.42
2A-1E-03,-72.18,23.6
2A-1E-04,-72.18,23.6
2A-1E-05,-72.18,25.78
2A-1E-06,-72.18,25.78
2A-1E-07,-72.18,27.96
2A-1E-08,-72.18,27.96
2A-1E-09,-72.18,30.14
2A-1E-10,-72.18,30.14
2A-1E-11,-72.18,32.32
2A-1E-12,-72.18,32.32
2A-1E-13,-72.18,34.5
2A-1E-14,-72.18,34.5
2A-1E-15,-72.18,36.68
2A-1E-16,-72.18,36.68
2A-1F-01,-70.34,36.68
2A-1F-02,-70.34,36.68
2A-1F-03,-70.34,34.5
2A-1F-04,-70.34,34.5
2A-1F-05,-70.34,32.32
2A-1F-06,-70.34,32.32
2A-1F-07,-70.34,30.14
2A-1F-08,-70.34,30.14
2A-1F-09,-70.34,27.96
2A-1F-10,-70.34,27.96
2A-1F-11,-70.34,25.78
2A-1F-12,-70.34,25.78
2A-1F-13,-70.34,23.6
2A-1F-14,-70.34,23.6
2A-1F-15,-70.34,21.42
2A-1F-16,-70.34,21.42
2A-1G-01,-68.5,21.42
2A-1G-02,-68.5,21.42
2A-1G-03,-68.5,23.6
2A-1G-04,-68.5,23.6
2A-1G-05,-68.5,25.78
2A-1G-06,-68.5,25.78
2A-1G-07,-68.5,27.96
2A-1G-08,-68.5,27.96
2A-1G-09,-68.5,30.14
2A-1G-10,-68.5,30.14
2A-1G-11,-68.5,32.32
2A-1G-12,-68.5,32.32
2A-1G-13,-68.5,34.5
2A-1G-14,-68.5,34.5
2A-1G-15,-68.5,36.68
2A-1G-16,-68.5,36.68
2A-1H-01,-66.66,36.68
2A-1H-02,-66.66,36.68
2A-1H-03,-66.66,34.5
2A-1H-04,-66.66,34.5
2A-1H-05,-66.66,32.32
2A-1H-06,-66.66,32.32
2A-1H-07,-66.66,30.14
2A-1H-08,-66.66,30.14
2A-1H-09,-66.66,27.96
2A-1H-10,-66.66,27.96
2A-1H-11,-66.66,25.78
2A-1H-12,-66.66,25.78
2A-1H-13,-66.66,23.6
2A-1H-14,-66.66,23.6
2A-1H-15,-66.66,21.42
2A-1H-16,-66.66,21.42
2A-1I-01,-64.82,21.42
2A-1I-02,-64.82,21.42
2A-1I-03,-64.82,23.6
2A-1I-04,-64.82,23.6
2A-1I-05,-64.82,25.78
2A-1I-06,-64.82,25.78
2A-1I-07,-64.82,27.96
2A-1I-08,-64.82,27.96
2A-1I-09,-64.82,30.14
2A-1I-10,-64.82,30.14
2A-1I-11,-64.82,32.32
2A-1I-12,-64.82,32.32
2A-1I-13,-64.82,34.5
2A-1I-14,-64.82,34.5
2A-1I-15,-64.82,35.37
2A-1I-16,-64.82,35.37
2A-1J-01,-62.98,35.37
2A-1J-02,-62.98,35.37
2A-1J-03,-62.98,34.5
2A-1J-04,-62.98,34.5
2A-1J-05,-62.98,32.32
2A-1J-06,-62.98,32.32
2A-1J-07,-62.98,30.14
2A-1J-08,-62.98,30.14
2A-1J-09,-62.98,27.96
2A-1J-10,-62.98,27.96
2A-1J-11,-62.98,25.78
2A-1J-12,-62.98,25.78
2A-1J-13,-62.98,23.6
2A-1J-14,-62.98,23.6
2A-1J-15,-62.98,21.42
2A-1J-16,-62.98,21.42
2A-1K-01,-61.14,21.42
2A-1K-02,-61.14,21.42
2A-1K-03,-61.14,23.6
2A-1K-04,-61.14,23.6
2A-1K-05,-61.14,25.78
2A-1K-06,-61.14,25.78
2A-1K-07,-61.14,27.96
2A-1K-08,-61.14,27.96
2A-1K-09,-61.14,30.14
2A-1K-10,-61.14,30.14
2A-1K-11,-61.14,32.32
2A-1K-12,-61.14,32.32
2A-1K-13,-61.14,34.5
2A-1K-14,-61.14,34.5
2A-1K-15,-61.14,35.37
2A-1K-16,-61.14,35.37
2A-1L-01,-59.3,35.37
2A-1L-02,-59.3,35.37
2A-1L-03,-59.3,34.5
2A-1L-04,-59.3,34.5
2A-1L-05,-59.3,32.32
2A-1L-06,-59.3,32.32
2A-1L-07,-59.3,30.14
2A-1L-08,-59.3,30.14
2A-1L-09,-59.3,27.96
2A-1L-10,-59.3,27.96
2A-1L-11,-59.3,25.78
2A-1L-12,-59.3,25.78
2A-1L-13,-59.3,23.6
2A-1L-14,-59.3,23.6
2A-1L-15,-59.3,21.42
2A-1L-16,-59.3,21.42
2A-1M-01,-57.46,21.42
2A-1M-02,-57.46,21.42
2A-1M-03,-57.46,23.6
2A-1M-04,-57.46,23.6
2A-1M-05,-57.46,25.78
2A-1M-06,-57.46,25.78
2A-1M-07,-57.46,27.96
2A-1M-08,-57.46,27.96
2A-1M-09,-57.46,30.14
2A-1M-10,-57.46,30.14
2A-1M-11,-57.46,32.32
2A-1M-12,-57.46,32.32
2A-1M-13,-57.46,34.5
2A-1M-14,-57.46,34.5
2A-1M-15,-57.46,36.68
2A-1M-16,-57.46,36.68
2A-1N-01,-55.62,36.68
2A-1N-02,-55.62,36.68
2A-1N-03,-55.62,34.5
2A-1N-04,-55.62,34.5
2A-1N-05,-55.62,32.32
2A-1N-06,-55.62,32.32
2A-1N-07,-55.62,30.14
2A-1N-08,-55.62,30.14
2A-1N-09,-55.62,27.96
2A-1N-10,-55.62,27.96
2A-1N-11,-55.62,25.78
2A-1N-12,-55.62,25.78
2A-1N-13,-55.62,23.6
2A-1N-14,-55.62,23.6
2A-1N-15,-55.62,21.42
2A-1N-16,-55.62,21.42
2A-2A-01,-79.54,-1.3
2A-2A-02,-79.54,-1.3
2A-2A-03,-79.54,0.88
2A-2A-04,-79.54,0.88
2A-2A-05,-79.54,3.06
2A-2A-06,-79.54,3.06
2A-2A-07,-79.54,5.24
2A-2A-08,-79.54,5.24
2A-2A-09,-79.54,7.42
2A-2A-10,-79.54,7.42
2A-2A-11,-79.54,9.6
2A-2A-12,-79.54,9.6
2A-2A-13,-79.54,11.78
2A-2A-14,-79.54,11.78
2A-2A-15,-79.54,13.96
2A-2A-16,-79.54,13.96
2A-2A-17,-79.54,16.14
2A-2A-18,-79.54,16.14
2A-2A-19,-79.54,18.32
2A-2A-20,-79.54,18.32
2A-2A-21,-79.54,20.5
2A-2A-22,-79.54,20.5
2A-2B-01,-77.7,20.5
2A-2B-02,-77.7,20.5
2A-2B-03,-77.7,18.32
2A-2B-04,-77.7,18.32
2A-2B-05,-77.7,16.14
2A-2B-06,-77.7,16.14
2A-2B-07,-77.7,13.96
2A-2B-08,-77.7,13.96
2A-2B-09,-77.7,11.78
2A-2B-10,-77.7,11.78
2A-2B-11,-77.7,9.6
2A-2B-12,-77.7,9.6
2A-2B-13,-77.7,7.42
2A-2B-14,-77.7,7.42
2A-2B-15,-77.7,5.24
2A-2B-16,-77.7,5.24
2A-2B-17,-77.7,3.06
2A-2B-18,-77.7,3.06
2A-2B-19,-77.7,0.88
2A-2B-20,-77.7,0.88
2A-2B-21,-77.7,-1.3
2A-2B-22,-77.7,-1.3
2A-2C-01,-75.86,-1.3
2A-2C-02,-75.86,-1.3
2A-2C-03,-75.86,0.88
2A-2C-04,-75.86,0.88
2A-2C-05,-75.86,3.06
2A-2C-06,-75.86,3.06
2A-2C-07,-75.86,5.24
2A-2C-08,-75.86,5.24
2A-2C-09,-75.86,7.42
2A-2C-10,-75.86,7.42
2A-2C-11,-75.86,9.6
2A-2C-12,-75.86,9.6
2A-2C-13,-75.86,11.78
2A-2C-14,-75.86,11.78
2A-2C-15,-75.86,13.96
2A-2C-16,-75.86,13.96
2A-2C-17,-75.86,16.14
2A-2C-18,-75.86,16.14
2A-2C-19,-75.86,18.32
2A-2C-20,-75.86,18.32
2A-2C-21,-75.86,20.5
2A-2C-22,-75.86,20.5
2A-2D-01,-74.02,20.5
2A-2D-02,-74.02,20.5
2A-2D-03,-74.02,18.32
2A-2D-04,-74.02,18.32
2A-2D-05,-74.02,16.14
2A-2D-06,-74.02,16.14
2A-2D-07,-74.02,13.96
2A-2D-08,-74.02,13.96
2A-2D-09,-74.02,11.78
2A-2D-10,-74.02,11.78
2A-2D-11,-74.02,9.6
2A-2D-12,-74.02,9.6
2A-2D-13,-74.02,7.42
2A-2D-14,-74.02,7.42
2A-2D-15,-74.02,5.24
2A-2D-16,-74.02,5.24
2A-2D-17,-74.02,3.06
2A-2D-18,-74.02,3.06
2A-2D-19,-74.02,0.88
2A-2D-20,-74.02,0.88
2A-2D-21,-74.02,-1.3
2A-2D-22,-74.02,-1.3
2A-2E-01,-72.18,-1.3
2A-2E-02,-72.18,-1.3
2A-2E-03,-72.18,0.88
2A-2E-04,-72.18,0.88
2A-2E-05,-72.18,3.06
2A-2E-06,-72.18,3.06
2A-2E-07,-72.18,5.24
2A-2E-08,-72.18,5.24
2A-2E-09,-72.18,7.42
2A-2E-10,-72.18,7.42
2A-2E-11,-72.18,9.6
2A-2E-12,-72.18,9.6
2A-2E-13,-72.18,11.78
2A-2E-14,-72.18,11.78
2A-2E-15,-72.18,13.96
2A-2E-16,-72.18,13.96
2A-2E-17,-72.18,16.14
2A-2E-18,-72.18,16.14
2A-2E-19,-72.18,18.32
2A-2E-20,-72.18,18.32
2A-2E-21,-72.18,20.5
2A-2E-22,-72.18,20.5
2A-2F-01,-70.34,20.5
2A-2F-02,-70.34,20.5
2A-2F-03,-70.34,18.32
2A-2F-04,-70.34,18.32
2A-2F-05,-70.34,16.14
2A-2F-06,-70.34,16.14
2A-2F-07,-70.34,13.96
2A-2F-08,-70.34,13.96
2A-2F-09,-70.34,11.78
2A-2F-10,-70.34,11.78
2A-2F-11,-70.34,9.6
2A-2F-12,-70.34,9.6
2A-2F-13,-70.34,7.42
2A-2F-14,-70.34,7.42
2A-2F-15,-70.34,5.24
2A-2F-16,-70.34,5.24
2A-2F-17,-70.34,3.06
2A-2F-18,-70.34,3.06
2A-2F-19,-70.34,0.88
2A-2F-20,-70.34,0.88
2A-2F-21,-70.34,-1.3
2A-2F-22,-70.34,-1.3
2A-2G-01,-62.98,-1.3
2A-2G-02,-62.98,-1.3
2A-2G-03,-62.98,0.88
2A-2G-04,-62.98,0.88
2A-2G-05,-62.98,3.06
2A-2G-06,-62.98,3.06
2A-2G-07,-62.98,5.24
2A-2G-08,-62.98,5.24
2A-2G-09,-62.98,7.42
2A-2G-10,-62.98,7.42
2A-2G-11,-62.98,9.6
2A-2G-12,-62.98,9.6
2A-2G-13,-62.98,11.78
2A-2G-14,-62.98,11.78
2A-2G-15,-62.98,13.96
2A-2G-16,-62.98,13.96
2A-2G-17,-62.98,16.14
2A-2G-18,-62.98,16.14
2A-2G-19,-62.98,18.32
2A-2G-20,-62.98,18.32
2A-2G-21,-62.98,20.5
2A-2G-22,-62.98,20.5
2A-2H-01,-61.14,20.5
2A-2H-02,-61.14,20.5
2A-2H-03,-61.14,18.32
2A-2H-04,-61.14,18.32
2A-2H-05,-61.14,16.14
2A-2H-06,-61.14,16.14
2A-2H-07,-61.14,13.96
2A-2H-08,-61.14,13.96
2A-2H-09,-61.14,11.78
2A-2H-10,-61.14,11.78
2A-2H-11,-61.14,9.6
2A-2H-12,-61.14,9.6
2A-2H-13,-61.14,7.42
2A-2H-14,-61.14,7.42
2A-2H-15,-61.14,5.24
2A-2H-16,-61.14,5.24
2A-2H-17,-61.14,3.06
2A-2H-18,-61.14,3.06
2A-2H-19,-61.14,0.88
2A-2H-20,-61.14,0.88
2A-2H-21,-61.14,-1.3
2A-2H-22,-61.14,-1.3
2A-2I-01,-59.3,-1.3
2A-2I-02,-59.3,-1.3
2A-2I-03,-59.3,0.88
2A-2I-04,-59.3,0.88
2A-2I-05,-59.3,3.06
2A-2I-06,-59.3,3.06
2A-2I-07,-59.3,5.24
2A-2I-08,-59.3,5.24
2A-2I-09,-59.3,7.42
2A-2I-10,-59.3,7.42
2A-2I-11,-59.3,9.6
2A-2I-12,-59.3,9.6
2A-2I-13,-59.3,11.78
2A-2I-14,-59.3,11.78
2A-2I-15,-59.3,13.96
2A-2I-16,-59.3,13.96
2A-2I-17,-59.3,16.14
2A-2I-18,-59.3,16.14
2A-2I-19,-59.3,18.32
2A-2I-20,-59.3,18.32
2A-2I-21,-59.3,20.5
2A-2I-22,-59.3,20.5
2A-2J-01,-57.46,20.5
2A-2J-02,-57.46,20.5
2A-2J-03,-57.46,18.32
2A-2J-04,-57.46,18.32
2A-2J-05,-57.46,16.14
2A-2J-06,-57.46,16.14
2A-2J-07,-57.46,13.96
2A-2J-08,-57.46,13.96
2A-2J-09,-57.46,11.78
2A-2J-10,-57.46,11.78
2A-2J-11,-57.46,9.6
2A-2J-12,-57.46,9.6
2A-2J-13,-57.46,7.42
2A-2J-14,-57.46,7.42
2A-2J-15,-57.46,5.24
2A-2J-16,-57.46,5.24
2A-2J-17,-57.46,3.06
2A-2J-18,-57.46,3.06
2A-2J-19,-57.46,0.88
2A-2J-20,-57.46,0.88
2A-2J-21,-57.46,-1.3
2A-2J-22,-57.46,-1.3
2A-2K-01,-55.62,-1.3
2A-2K-02,-55.62,-1.3
2A-2K-03,-55.62,0.88
2A-2K-04,-55.62,0.88
2A-2K-05,-55.62,3.06
2A-2K-06,-55.62,3.06
2A-2K-07,-55.62,5.24
2A-2K-08,-55.62,5.24
2A-2K-09,-55.62,7.42
2A-2K-10,-55.62,7.42
2A-2K-11,-55.62,9.6
2A-2K-12,-55.62,9.6
2A-2K-13,-55.62,11.78
2A-2K-14,-55.62,11.78
2A-2K-15,-55.62,13.96
2A-2K-16,-55.62,13.96
2A-2K-17,-55.62,16.14
2A-2K-18,-55.62,16.14
2A-2K-19,-55.62,18.32
2A-2K-20,-55.62,18.32
2A-2K-21,-55.62,20.5
2A-2K-22,-55.62,20.5
2A-2L-01,-53.78,20.5
2A-2L-02,-53.78,20.5
2A-2L-03,-53.78,18.32
2A-2L-04,-53.78,18.32
2A-2L-05,-53.78,16.14
2A-2L-06,-53.78,16.14
2A-2L-07,-53.78,13.96
2A-2L-08,-53.78,13.96
2A-2L-09,-53.78,11.78
2A-2L-10,-53.78,11.78
2A-2L-11,-53.78,9.6
2A-2L-12,-53.78,9.6
2A-2L-13,-53.78,7.42
2A-2L-14,-53.78,7.42
2A-2L-15,-53.78,5.24
2A-2L-16,-53.78,5.24
2A-2L-17,-53.78,3.06
2A-2L-18,-53.78,3.06
2A-2L-19,-53.78,0.88
2A-2L-20,-53.78,0.88
2A-2L-21,-53.78,-1.3
2A-2L-22,-53.78,-1.3
2A-3A-01,-79.54,-1.46
2A-3A-02,-79.54,-1.46
2A-3A-03,-79.54,-3.64
2A-3A-04,-79.54,-3.64
2A-3A-05,-79.54,-5.82
2A-3A-06,-79.54,-5.82
2A-3A-07,-79.54,-8
2A-3A-08,-79.54,-8
2A-3A-09,-79.54,-10.18
2A-3A-10,-79.54,-10.18
2A-3A-11,-79.54,-12.36
2A-3A-12,-79.54,-12.36
2A-3A-13,-79.54,-14.54
2A-3A-14,-79.54,-14.54
2A-3A-15,-79.54,-16.72
2A-3A-16,-79.54,-16.72
2A-3B-01,-77.7,-16.72
2A-3B-02,-77.7,-16.72
2A-3B-03,-77.7,-14.54
2A-3B-04,-77.7,-14.54
2A-3B-05,-77.7,-12.36
2A-3B-06,-77.7,-12.36
2A-3B-07,-77.7,-10.18
2A-3B-08,-77.7,-10.18
2A-3B-09,-77.7,-8
2A-3B-10,-77.7,-8
2A-3B-11,-77.7,-5.82
2A-3B-12,-77.7,-5.82
2A-3B-13,-77.7,-3.64
2A-3B-14,-77.7,-3.64
2A-3B-15,-77.7,-1.46
2A-3B-16,-77.7,-1.46
2A-3C-01,-75.86,-1.46
2A-3C-02,-75.86,-1.46
2A-3C-03,-75.86,-3.64
2A-3C-04,-75.86,-3.64
2A-3C-05,-75.86,-5.82
2A-3C-06,-75.86,-5.82
2A-3C-07,-75.86,-8
2A-3C-08,-75.86,-8
2A-3C-09,-75.86,-10.18
2A-3C-10,-75.86,-10.18
2A-3C-11,-75.86,-12.36
2A-3C-12,-75.86,-12.36
2A-3C-13,-75.86,-14.54
2A-3C-14,-75.86,-14.54
2A-3C-15,-75.86,-16.72
2A-3C-16,-75.86,-16.72
2A-3D-01,-74.02,-16.72
2A-3D-02,-74.02,-16.72
2A-3D-03,-74.02,-14.54
2A-3D-04,-74.02,-14.54
2A-3D-05,-74.02,-12.36
2A-3D-06,-74.02,-12.36
2A-3D-07,-74.02,-10.18
2A-3D-08,-74.02,-10.18
2A-3D-09,-74.02,-8
2A-3D-10,-74.02,-8
2A-3D-11,-74.02,-5.82
2A-3D-12,-74.02,-5.82
2A-3D-13,-74.02,-3.64
2A-3D-14,-74.02,-3.64
2A-3D-15,-74.02,-1.46
2A-3D-16,-74.02,-1.46
2A-3E-01,-72.18,-1.46
2A-3E-02,-72.18,-1.46
2A-3E-03,-72.18,-3.64
2A-3E-04,-72.18,-3.64
2A-3E-05,-72.18,-5.82
2A-3E-06,-72.18,-5.82
2A-3E-07,-72.18,-8
2A-3E-08,-72.18,-8
2A-3E-09,-72.18,-10.18
2A-3E-10,-72.18,-10.18
2A-3E-11,-72.18,-12.36
2A-3E-12,-72.18,-12.36
2A-3E-13,-72.18,-14.54
2A-3E-14,-72.18,-14.54
2A-3E-15,-72.18,-16.72
2A-3E-16,-72.18,-16.72
2A-3F-01,-70.34,-16.72
2A-3F-02,-70.34,-16.72
2A-3F-03,-70.34,-14.54
2A-3F-04,-70.34,-14.54
2A-3F-05,-70.34,-12.36
2A-3F-06,-70.34,-12.36
2A-3F-07,-70.34,-10.18
2A-3F-08,-70.34,-10.18
2A-3F-09,-70.34,-8
2A-3F-10,-70.34,-8
2A-3F-11,-70.34,-5.82
2A-3F-12,-70.34,-5.82
2A-3F-13,-70.34,-3.64
2A-3F-14,-70.34,-3.64
2A-3F-15,-70.34,-1.46
2A-3F-16,-70.34,-1.46
2A-3G-01,-68.5,-1.46
2A-3G-02,-68.5,-1.46
2A-3G-03,-68.5,-3.64
2A-3G-04,-68.5,-3.64
2A-3G-05,-68.5,-5.82
2A-3G-06,-68.5,-5.82
2A-3G-07,-68.5,-8
2A-3G-08,-68.5,-8
2A-3G-09,-68.5,-10.18
2A-3G-10,-68.5,-10.18
2A-3G-11,-68.5,-12.36
2A-3G-12,-68.5,-12.36
2A-3G-13,-68.5,-14.54
2A-3G-14,-68.5,-14.54
2A-3G-15,-68.5,-16.72
2A-3G-16,-68.5,-16.72
2A-3H-01,-66.66,-16.72
2A-3H-02,-66.66,-16.72
2A-3H-03,-66.66,-14.54
2A-3H-04,-66.66,-14.54
2A-3H-05,-66.66,-12.36
2A-3H-06,-66.66,-12.36
2A-3H-07,-66.66,-10.18
2A-3H-08,-66.66,-10.18
2A-3H-09,-66.66,-8
2A-3H-10,-66.66,-8
2A-3H-11,-66.66,-5.82
2A-3H-12,-66.66,-5.82
2A-3H-13,-66.66,-3.64
2A-3H-14,-66.66,-3.64
2A-3H-15,-66.66,-1.46
2A-3H-16,-66.66,-1.46
2A-3I-01,-64.82,-1.46
2A-3I-02,-64.82,-1.46
2A-3I-03,-64.82,-3.64
2A-3I-04,-64.82,-3.64
2A-3I-05,-64.82,-5.82
2A-3I-06,-64.82,-5.82
2A-3I-07,-64.82,-8
2A-3I-08,-64.82,-8
2A-3I-09,-64.82,-10.18
2A-3I-10,-64.82,-10.18
2A-3I-11,-64.82,-12.36
2A-3I-12,-64.82,-12.36
2A-3I-13,-64.82,-14.54
2A-3I-14,-64.82,-14.54
2A-3I-15,-64.82,-16.72
2A-3I-16,-64.82,-16.72
2A-3J-01,-62.98,-16.72
2A-3J-02,-62.98,-16.72
2A-3J-03,-62.98,-14.54
2A-3J-04,-62.98,-14.54
2A-3J-05,-62.98,-12.36
2A-3J-06,-62.98,-12.36
2A-3J-07,-62.98,-10.18
2A-3J-08,-62.98,-10.18
2A-3J-09,-62.98,-8
2A-3J-10,-62.98,-8
2A-3J-11,-62.98,-5.82
2A-3J-12,-62.98,-5.82
2A-3J-13,-62.98,-3.64
2A-3J-14,-62.98,-3.64
2A-3J-15,-62.98,-1.46
2A-3J-16,-62.98,-1.46
2A-3K-01,-61.14,-1.46
2A-3K-02,-61.14,-1.46
2A-3K-03,-61.14,-3.64
2A-3K-04,-61.14,-3.64
2A-3K-05,-61.14,-5.82
2A-3K-06,-61.14,-5.82
2A-3K-07,-61.14,-8
2A-3K-08,-61.14,-8
2A-3K-09,-61.14,-10.18
2A-3K-10,-61.14,-10.18
2A-3K-11,-61.14,-12.36
2A-3K-12,-61.14,-12.36
2A-3K-13,-61.14,-14.54
2A-3K-14,-61.14,-14.54
2A-3K-15,-61.14,-16.72
2A-3K-16,-61.14,-16.72
2A-3L-01,-59.3,-16.72
2A-3L-02,-59.3,-16.72
2A-3L-03,-59.3,-14.54
2A-3L-04,-59.3,-14.54
2A-3L-05,-59.3,-12.36
2A-3L-06,-59.3,-12.36
2A-3L-07,-59.3,-10.18
2A-3L-08,-59.3,-10.18
2A-3L-09,-59.3,-8
2A-3L-10,-59.3,-8
2A-3L-11,-59.3,-5.82
2A-3L-12,-59.3,-5.82
2A-3L-13,-59.3,-3.64
2A-3L-14,-59.3,-3.64
2A-3L-15,-59.3,-1.46
2A-3L-16,-59.3,-1.46
2A-3M-01,-57.46,-1.46
2A-3M-02,-57.46,-1.46
2A-3M-03,-57.46,-3.64
2A-3M-04,-57.46,-3.64
2A-3M-05,-57.46,-5.82
2A-3M-06,-57.46,-5.82
2A-3M-07,-57.46,-8
2A-3M-08,-57.46,-8
2A-3M-09,-57.46,-10.18
2A-3M-10,-57.46,-10.18
2A-3M-11,-57.46,-12.36
2A-3M-12,-57.46,-12.36
2A-3M-13,-57.46,-14.54
2A-3M-14,-57.46,-14.54
2A-3M-15,-57.46,-16.72
2A-3M-16,-57.46,-16.72
2A-3N-01,-55.62,-16.72
2A-3N-02,-55.62,-16.72
2A-3N-03,-55.62,-14.54
2A-3N-04,-55.62,-14.54
2A-3N-05,-55.62,-12.36
2A-3N-06,-55.62,-12.36
2A-3N-07,-55.62,-10.18
2A-3N-08,-55.62,-10.18
2A-3N-09,-55.62,-8
2A-3N-10,-55.62,-8
2A-3N-11,-55.62,-5.82
2A-3N-12,-55.62,-5.82
2A-3N-13,-55.62,-3.64
2A-3N-14,-55.62,-3.64
2A-3N-15,-55.62,-1.46
2A-3N-16,-55.62,-1.46
2A-3O-01,-53.78,-1.46
2A-3O-02,-53.78,-1.46
2A-3O-03,-53.78,-3.64
2A-3O-04,-53.78,-3.64
2A-3O-05,-53.78,-5.82
2A-3O-06,-53.78,-5.82
2A-3O-07,-53.78,-8
2A-3O-08,-53.78,-8
2A-3O-09,-53.78,-10.18
2A-3O-10,-53.78,-10.18
2A-3O-11,-53.78,-12.36
2A-3O-12,-53.78,-12.36
2A-3O-13,-53.78,-14.54
2A-3O-14,-53.78,-14.54
2A-3O-15,-53.78,-16.72
2A-3O-16,-53.78,-16.72
2B-1A-01,-42.17,22.96
2B-1A-02,-42.17,22.96
2B-1A-03,-42.17,24.61
2B-1A-04,-42.17,24.61
2B-1A-05,-42.17,26.26
2B-1A-06,-42.17,26.26
2B-1A-07,-42.17,27.91
2B-1A-08,-42.17,27.91
2B-1A-09,-42.17,29.56
2B-1A-10,-42.17,29.56
2B-1A-11,-42.17,31.21
2B-1A-12,-42.17,31.21
2B-1A-13,-42.17,32.86
2B-1A-14,-42.17,32.86
2B-1A-15,-42.17,34.51
2B-1A-16,-42.17,34.51
2B-1B-01,-39.92,34.51
2B-1B-02,-39.92,34.51
2B-1B-03,-39.92,32.86
2B-1B-04,-39.92,32.86
2B-1B-05,-39.92,31.21
2B-1B-06,-39.92,31.21
2B-1B-07,-39.92,29.56
2B-1B-08,-39.92,29.56
2B-1B-09,-39.92,27.91
2B-1B-10,-39.92,27.91
2B-1B-11,-39.92,26.26
2B-1B-12,-39.92,26.26
2B-1B-13,-39.92,24.61
2B-1B-14,-39.92,24.61
2B-1B-15,-39.92,22.96
2B-1B-16,-39.92,22.96
2B-1C-01,-38.03,22.96
2B-1C-02,-38.03,22.96
2B-1C-03,-38.03,24.61
2B-1C-04,-38.03,24.61
2B-1C-05,-38.03,26.26
2B-1C-06,-38.03,26.26
2B-1C-07,-38.03,27.91
2B-1C-08,-38.03,27.91
2B-1C-09,-38.03,29.56
2B-1C-10,-38.03,29.56
2B-1C-11,-38.03,31.21
2B-1C-12,-38.03,31.21
2B-1C-13,-38.03,32.86
2B-1C-14,-38.03,32.86
2B-1C-15,-38.03,34.51
2B-1C-16,-38.03,34.51
2B-1D-01,-36.14,34.51
2B-1D-02,-36.14,34.51
2B-1D-03,-36.14,32.86
2B-1D-04,-36.14,32.86
2B-1D-05,-36.14,31.21
2B-1D-06,-36.14,31.21
2B-1D-07,-36.14,29.56
2B-1D-08,-36.14,29.56
2B-1D-09,-36.14,27.91
2B-1D-10,-36.14,27.91
2B-1D-11,-36.14,26.26
2B-1D-12,-36.14,26.26
2B-1D-13,-36.14,24.61
2B-1D-14,-36.14,24.61
2B-1D-15,-36.14,22.96
2B-1D-16,-36.14,22.96
2B-1E-01,-34.25,22.96
2B-1E-02,-34.25,22.96
2B-1E-03,-34.25,24.61
2B-1E-04,-34.25,24.61
2B-1E-05,-34.25,26.26
2B-1E-06,-34.25,26.26
2B-1E-07,-34.25,27.91
2B-1E-08,-34.25,27.91
2B-1E-09,-34.25,29.56
2B-1E-10,-34.25,29.56
2B-1E-11,-34.25,31.21
2B-1E-12,-34.25,31.21
2B-1E-13,-34.25,32.86
2B-1E-14,-34.25,32.86
2B-1E-15,-34.25,34.51
2B-1E-16,-34.25,34.51
2B-1F-01,-32.36,34.51
2B-1F-02,-32.36,34.51
2B-1F-03,-32.36,32.86
2B-1F-04,-32.36,32.86
2B-1F-05,-32.36,31.21
2B-1F-06,-32.36,31.21
2B-1F-07,-32.36,29.56
2B-1F-08,-32.36,29.56
2B-1F-09,-32.36,27.91
2B-1F-10,-32.36,27.91
2B-1F-11,-32.36,26.26
2B-1F-12,-32.36,26.26
2B-1F-13,-32.36,24.61
2B-1F-14,-32.36,24.61
2B-1F-15,-32.36,22.96
2B-1F-16,-32.36,22.96
2B-1G-01,-30.47,22.96
2B-1G-02,-30.47,22.96
2B-1G-03,-30.47,24.61
2B-1G-04,-30.47,24.61
2B-1G-05,-30.47,26.26
2B-1G-06,-30.47,26.26
2B-1G-07,-30.47,27.91
2B-1G-08,-30.47,27.91
2B-1G-09,-30.47,29.56
2B-1G-10,-30.47,29.56
2B-1G-11,-30.47,31.21
2B-1G-12,-30.47,31.21
2B-1G-13,-30.47,32.86
2B-1G-14,-30.47,32.86
2B-1G-15,-30.47,34.51
2B-1G-16,-30.47,34.51
2B-1H-01,-28.58,34.51
2B-1H-02,-28.58,34.51
2B-1H-03,-28.58,32.86
2B-1H-04,-28.58,32.86
2B-1H-05,-28.58,31.21
2B-1H-06,-28.58,31.21
2B-1H-07,-28.58,29.56
2B-1H-08,-28.58,29.56
2B-1H-09,-28.58,27.91
2B-1H-10,-28.58,27.91
2B-1H-11,-28.58,26.26
2B-1H-12,-28.58,26.26
2B-1H-13,-28.58,24.61
2B-1H-14,-28.58,24.61
2B-1H-15,-28.58,22.96
2B-1H-16,-28.58,22.96
2B-1I-01,-26.69,22.96
2B-1I-02,-26.69,22.96
2B-1I-03,-26.69,24.61
2B-1I-04,-26.69,24.61
2B-1I-05,-26.69,26.26
2B-1I-06,-26.69,26.26
2B-1I-07,-26.69,27.91
2B-1I-08,-26.69,27.91
2B-1I-09,-26.69,29.56
2B-1I-10,-26.69,29.56
2B-1I-11,-26.69,31.21
2B-1I-12,-26.69,31.21
2B-1I-13,-26.69,32.86
2B-1I-14,-26.69,32.86
2B-1I-15,-26.69,34.51
2B-1I-16,-26.69,34.51
2B-2A-01,-52.9,0.57
2B-2A-02,-52.9,0.57
2B-2A-03,-52.9,2.57
2B-2A-04,-52.9,2.57
2B-2A-05,-52.9,4.57
2B-2A-06,-52.9,4.57
2B-2A-07,-52.9,6.57
2B-2A-08,-52.9,6.57
2B-2A-09,-52.9,8.57
2B-2A-10,-52.9,8.57
2B-2A-11,-52.9,10.57
2B-2A-12,-52.9,10.57
2B-2A-13,-52.9,12.57
2B-2A-14,-52.9,12.57
2B-2A-15,-52.9,14.75
2B-2A-16,-52.9,14.75
2B-2A-17,-52.9,16.75
2B-2A-18,-52.9,16.75
2B-2B-01,-50.93,16.75
2B-2B-02,-50.93,16.75
2B-2B-03,-50.93,14.75
2B-2B-04,-50.93,14.75
2B-2B-05,-50.93,12.57
2B-2B-06,-50.93,12.57
2B-2B-07,-50.93,10.57
2B-2B-08,-50.93,10.57
2B-2B-09,-50.93,8.57
2B-2B-10,-50.93,8.57
2B-2B-11,-50.93,6.57
2B-2B-12,-50.93,6.57
2B-2B-13,-50.93,4.57
2B-2B-14,-50.93,4.57
2B-2B-15,-50.93,2.57
2B-2B-16,-50.93,2.57
2B-2B-17,-50.93,0.57
2B-2B-18,-50.93,0.57
2B-2C-01,-48.96,0.57
2B-2C-02,-48.96,0.57
2B-2C-03,-48.96,2.57
2B-2C-04,-48.96,2.57
2B-2C-05,-48.96,4.57
2B-2C-06,-48.96,4.57
2B-2C-07,-48.96,6.57
2B-2C-08,-48.96,6.57
2B-2C-09,-48.96,8.57
2B-2C-10,-48.96,8.57
2B-2C-11,-48.96,10.57
2B-2C-12,-48.96,10.57
2B-2C-13,-48.96,12.57
2B-2C-14,-48.96,12.57
2B-2C-15,-48.96,14.75
2B-2C-16,-48.96,14.75
2B-2C-17,-48.96,16.75
2B-2C-18,-48.96,16.75
2B-2D-01,-46.99,16.75
2B-2D-02,-46.99,16.75
2B-2D-03,-46.99,14.75
2B-2D-04,-46.99,14.75
2B-2D-05,-46.99,12.57
2B-2D-06,-46.99,12.57
2B-2D-07,-46.99,10.57
2B-2D-08,-46.99,10.57
2B-2D-09,-46.99,8.57
2B-2D-10,-46.99,8.57
2B-2D-11,-46.99,6.57
2B-2D-12,-46.99,6.57
2B-2D-13,-46.99,4.57
2B-2D-14,-46.99,4.57
2B-2D-15,-46.99,2.57
2B-2D-16,-46.99,2.57
2B-2D-17,-46.99,0.57
2B-2D-18,-46.99,0.57
2B-2E-01,-45.02,0.57
2B-2E-02,-45.02,0.57
2B-2E-03,-45.02,2.57
2B-2E-04,-45.02,2.57
2B-2E-05,-45.02,4.57
2B-2E-06,-45.02,4.57
2B-2E-07,-45.02,6.57
2B-2E-08,-45.02,6.57
2B-2E-09,-45.02,8.57
2B-2E-10,-45.02,8.57
2B-2E-11,-45.02,10.57
2B-2E-12,-45.02,10.57
2B-2E-13,-45.02,12.57
2B-2E-14,-45.02,12.57
2B-2E-15,-45.02,14.75
2B-2E-16,-45.02,14.75
2B-2E-17,-45.02,16.75
2B-2E-18,-45.02,16.75
2B-2F-01,-43.05,16.75
2B-2F-02,-43.05,16.75
2B-2F-03,-43.05,14.75
2B-2F-04,-43.05,14.75
2B-2F-05,-43.05,12.57
2B-2F-06,-43.05,12.57
2B-2F-07,-43.05,10.57
2B-2F-08,-43.05,10.57
2B-2F-09,-43.05,8.57
2B-2F-10,-43.05,8.57
2B-2F-11,-43.05,6.57
2B-2F-12,-43.05,6.57
2B-2F-13,-43.05,4.57
2B-2F-14,-43.05,4.57
2B-2F-15,-43.05,2.57
2B-2F-16,-43.05,2.57
2B-2F-17,-43.05,0.57
2B-2F-18,-43.05,0.57
2B-2G-01,-36.02,0.57
2B-2G-02,-36.02,0.57
2B-2G-03,-36.02,2.57
2B-2G-04,-36.02,2.57
2B-2G-05,-36.02,4.57
2B-2G-06,-36.02,4.57
2B-2G-07,-36.02,6.57
2B-2G-08,-36.02,6.57
2B-2G-09,-36.02,8.57
2B-2G-10,-36.02,8.57
2B-2G-11,-36.02,10.57
2B-2G-12,-36.02,10.57
2B-2G-13,-36.02,12.57
2B-2G-14,-36.02,12.57
2B-2G-15,-36.02,14.75
2B-2G-16,-36.02,14.75
2B-2G-17,-36.02,16.75
2B-2G-18,-36.02,16.75
2B-2H-01,-34.05,16.75
2B-2H-02,-34.05,16.75
2B-2H-03,-34.05,14.75
2B-2H-04,-34.05,14.75
2B-2H-05,-34.05,12.57
2B-2H-06,-34.05,12.57
2B-2H-07,-34.05,10.57
2B-2H-08,-34.05,10.57
2B-2H-09,-34.05,8.57
2B-2H-10,-34.05,8.57
2B-2H-11,-34.05,6.57
2B-2H-12,-34.05,6.57
2B-2H-13,-34.05,4.57
2B-2H-14,-34.05,4.57
2B-2H-15,-34.05,2.57
2B-2H-16,-34.05,2.57
2B-2H-17,-34.05,0.57
2B-2H-18,-34.05,0.57
2B-2I-01,-32.08,0.57
2B-2I-02,-32.08,0.57
2B-2I-03,-32.08,2.57
2B-2I-04,-32.08,2.57
2B-2I-05,-32.08,4.57
2B-2I-06,-32.08,4.57
2B-2I-07,-32.08,6.57
2B-2I-08,-32.08,6.57
2B-2I-09,-32.08,8.57
2B-2I-10,-32.08,8.57
2B-2I-11,-32.08,10.57
2B-2I-12,-32.08,10.57
2B-2I-13,-32.08,12.57
2B-2I-14,-32.08,12.57
2B-2I-15,-32.08,14.75
2B-2I-16,-32.08,14.75
2B-2I-17,-32.08,16.75
2B-2I-18,-32.08,16.75
2B-2J-01,-30.11,16.75
2B-2J-02,-30.11,16.75
2B-2J-03,-30.11,14.75
2B-2J-04,-30.11,14.75
2B-2J-05,-30.11,12.57
2B-2J-06,-30.11,12.57
2B-2J-07,-30.11,10.57
2B-2J-08,-30.11,10.57
2B-2J-09,-30.11,8.57
2B-2J-10,-30.11,8.57
2B-2J-11,-30.11,6.57
2B-2J-12,-30.11,6.57
2B-2J-13,-30.11,4.57
2B-2J-14,-30.11,4.57
2B-2J-15,-30.11,2.57
2B-2J-16,-30.11,2.57
2B-2J-17,-30.11,0.57
2B-2J-18,-30.11,0.57
2B-2K-01,-28.14,0.57
2B-2K-02,-28.14,0.57
2B-2K-03,-28.14,2.57
2B-2K-04,-28.14,2.57
2B-2K-05,-28.14,4.57
2B-2K-06,-28.14,4.57
2B-2K-07,-28.14,6.57
2B-2K-08,-28.14,6.57
2B-2K-09,-28.14,8.57
2B-2K-10,-28.14,8.57
2B-2K-11,-28.14,10.57
2B-2K-12,-28.14,10.57
2B-2K-13,-28.14,12.57
2B-2K-14,-28.14,12.57
2B-2K-15,-28.14,14.75
2B-2K-16,-28.14,14.75
2B-2K-17,-28.14,16.75
2B-2K-18,-28.14,16.75
2B-2L-01,-26.17,16.75
2B-2L-02,-26.17,16.75
2B-2L-03,-26.17,14.75
2B-2L-04,-26.17,14.75
2B-2L-05,-26.17,12.57
2B-2L-06,-26.17,12.57
2B-2L-07,-26.17,10.57
2B-2L-08,-26.17,10.57
2B-2L-09,-26.17,8.57
2B-2L-10,-26.17,8.57
2B-2L-11,-26.17,6.57
2B-2L-12,-26.17,6.57
2B-2L-13,-26.17,4.57
2B-2L-14,-26.17,4.57
2B-2L-15,-26.17,2.57
2B-2L-16,-26.17,2.57
2B-2L-17,-26.17,0.57
2B-2L-18,-26.17,0.57
2B-3A-01,-52.3,-3.4
2B-3A-02,-52.3,-3.4
2B-3A-03,-52.3,-5.25
2B-3A-04,-52.3,-5.25
2B-3A-05,-52.3,-7.1
2B-3A-06,-52.3,-7.1
2B-3A-07,-52.3,-8.95
2B-3A-08,-52.3,-8.95
2B-3A-09,-52.3,-10.8
2B-3A-10,-52.3,-10.8
2B-3A-11,-52.3,-12.65
2B-3A-12,-52.3,-12.65
2B-3A-13,-52.3,-14.5
2B-3A-14,-52.3,-14.5
2B-3A-15,-52.3,-16.35
2B-3A-16,-52.3,-16.35
2B-3B-01,-49.74,-16.35
2B-3B-02,-49.74,-16.35
2B-3B-03,-49.74,-14.5
2B-3B-04,-49.74,-14.5
2B-3B-05,-49.74,-12.65
2B-3B-06,-49.74,-12.65
2B-3B-07,-49.74,-10.8
2B-3B-08,-49.74,-10.8
2B-3B-09,-49.74,-8.95
2B-3B-10,-49.74,-8.95
2B-3B-11,-49.74,-7.1
2B-3B-12,-49.74,-7.1
2B-3B-13,-49.74,-5.25
2B-3B-14,-49.74,-5.25
2B-3B-15,-49.74,-3.4
2B-3B-16,-49.74,-3.4
2B-3C-01,-47.18,-3.4
2B-3C-02,-47.18,-3.4
2B-3C-03,-47.18,-5.25
2B-3C-04,-47.18,-5.25
2B-3C-05,-47.18,-7.1
2B-3C-06,-47.18,-7.1
2B-3C-07,-47.18,-8.95
2B-3C-08,-47.18,-8.95
2B-3C-09,-47.18,-10.8
2B-3C-10,-47.18,-10.8
2B-3C-11,-47.18,-12.65
2B-3C-12,-47.18,-12.65
2B-3C-13,-47.18,-14.5
2B-3C-14,-47.18,-14.5
2B-3C-15,-47.18,-16.35
2B-3C-16,-47.18,-16.35
2B-3D-01,-44.62,-16.35
2B-3D-02,-44.62,-16.35
2B-3D-03,-44.62,-14.5
2B-3D-04,-44.62,-14.5
2B-3D-05,-44.62,-12.65
2B-3D-06,-44.62,-12.65
2B-3D-07,-44.62,-10.8
2B-3D-08,-44.62,-10.8
2B-3D-09,-44.62,-8.95
2B-3D-10,-44.62,-8.95
2B-3D-11,-44.62,-7.1
2B-3D-12,-44.62,-7.1
2B-3D-13,-44.62,-5.25
2B-3D-14,-44.62,-5.25
2B-3D-15,-44.62,-3.4
2B-3D-16,-44.62,-3.4
2B-3E-01,-42.06,-3.4
2B-3E-02,-42.06,-3.4
2B-3E-03,-42.06,-5.25
2B-3E-04,-42.06,-5.25
2B-3E-05,-42.06,-7.1
2B-3E-06,-42.06,-7.1
2B-3E-07,-42.06,-8.95
2B-3E-08,-42.06,-8.95
2B-3E-09,-42.06,-10.8
2B-3E-10,-42.06,-10.8
2B-3E-11,-42.06,-12.65
2B-3E-12,-42.06,-12.65
2B-3E-13,-42.06,-14.5
2B-3E-14,-42.06,-14.5
2B-3E-15,-42.06,-16.35
2B-3E-16,-42.06,-16.35
2B-3F-01,-39.5,-16.35
2B-3F-02,-39.5,-16.35
2B-3F-03,-39.5,-14.5
2B-3F-04,-39.5,-14.5
2B-3F-05,-39.5,-12.65
2B-3F-06,-39.5,-12.65
2B-3F-07,-39.5,-10.8
2B-3F-08,-39.5,-10.8
2B-3F-09,-39.5,-8.95
2B-3F-10,-39.5,-8.95
2B-3F-11,-39.5,-7.1
2B-3F-12,-39.5,-7.1
2B-3F-13,-39.5,-5.25
2B-3F-14,-39.5,-5.25
2B-3F-15,-39.5,-3.4
2B-3F-16,-39.5,-3.4
2B-3G-01,-36.94,-3.4
2B-3G-02,-36.94,-3.4
2B-3G-03,-36.94,-5.25
2B-3G-04,-36.94,-5.25
2B-3G-05,-36.94,-7.1
2B-3G-06,-36.94,-7.1
2B-3G-07,-36.94,-8.95
2B-3G-08,-36.94,-8.95
2B-3G-09,-36.94,-10.8
2B-3G-10,-36.94,-10.8
2B-3G-11,-36.94,-12.65
2B-3G-12,-36.94,-12.65
2B-3G-13,-36.94,-14.5
2B-3G-14,-36.94,-14.5
2B-3G-15,-36.94,-16.35
2B-3G-16,-36.94,-16.35
2B-3H-01,-34.38,-16.35
2B-3H-02,-34.38,-16.35
2B-3H-03,-34.38,-14.5
2B-3H-04,-34.38,-14.5
2B-3H-05,-34.38,-12.65
2B-3H-06,-34.38,-12.65
2B-3H-07,-34.38,-10.8
2B-3H-08,-34.38,-10.8
2B-3H-09,-34.38,-8.95
2B-3H-10,-34.38,-8.95
2B-3H-11,-34.38,-7.1
2B-3H-12,-34.38,-7.1
2B-3H-13,-34.38,-5.25
2B-3H-14,-34.38,-5.25
2B-3H-15,-34.38,-3.4
2B-3H-16,-34.38,-3.4
2B-3I-01,-31.82,-3.4
2B-3I-02,-31.82,-3.4
2B-3I-03,-31.82,-5.25
2B-3I-04,-31.82,-5.25
2B-3I-05,-31.82,-7.1
2B-3I-06,-31.82,-7.1
2B-3I-07,-31.82,-8.95
2B-3I-08,-31.82,-8.95
2B-3I-09,-31.82,-10.8
2B-3I-10,-31.82,-10.8
2B-3I-11,-31.82,-12.65
2B-3I-12,-31.82,-12.65
2B-3I-13,-31.82,-14.5
2B-3I-14,-31.82,-14.5
2B-3I-15,-31.82,-16.35
2B-3I-16,-31.82,-16.35
2B-3J-01,-29.26,-16.35
2B-3J-02,-29.26,-16.35
2B-3J-03,-29.26,-14.5
2B-3J-04,-29.26,-14.5
2B-3J-05,-29.26,-12.65
2B-3J-06,-29.26,-12.65
2B-3J-07,-29.26,-10.8
2B-3J-08,-29.26,-10.8
2B-3J-09,-29.26,-8.95
2B-3J-10,-29.26,-8.95
2B-3J-11,-29.26,-7.1
2B-3J-12,-29.26,-7.1
2B-3J-13,-29.26,-5.25
2B-3J-14,-29.26,-5.25
2B-3J-15,-29.26,-3.4
2B-3J-16,-29.26,-3.4
2B-3K-01,-26.7,-3.4
2B-3K-02,-26.7,-3.4
2B-3K-03,-26.7,-5.25
2B-3K-04,-26.7,-5.25
2B-3K-05,-26.7,-7.1
2B-3K-06,-26.7,-7.1
2B-3K-07,-26.7,-8.95
2B-3K-08,-26.7,-8.95
2B-3K-09,-26.7,-10.8
2B-3K-10,-26.7,-10.8
2B-3K-11,-26.7,-12.65
2B-3K-12,-26.7,-12.65
2B-3K-13,-26.7,-14.5
2B-3K-14,-26.7,-14.5
2B-3K-15,-26.7,-16.35
2B-3K-16,-26.7,-16.35
2B-3L-01,-24.14,-16.35
2B-3L-02,-24.14,-16.35
2B-3L-03,-24.14,-14.5
2B-3L-04,-24.14,-14.5
2B-3L-05,-24.14,-12.65
2B-3L-06,-24.14,-12.65
2B-3L-07,-24.14,-10.8
2B-3L-08,-24.14,-10.8
2B-3L-09,-24.14,-8.95
2B-3L-10,-24.14,-8.95
2B-3L-11,-24.14,-7.1
2B-3L-12,-24.14,-7.1
2B-3L-13,-24.14,-5.25
2B-3L-14,-24.14,-5.25
2B-3L-15,-24.14,-3.4
2B-3L-16,-24.14,-3.4
2B-3M-01,-21.58,-3.4
2B-3M-02,-21.58,-3.4
2B-3M-03,-21.58,-5.25
2B-3M-04,-21.58,-5.25
2B-3M-05,-21.58,-7.1
2B-3M-06,-21.58,-7.1
2B-3M-07,-21.58,-8.95
2B-3M-08,-21.58,-8.95
2B-3M-09,-21.58,-10.8
2B-3M-10,-21.58,-10.8
2B-3M-11,-21.58,-12.65
2B-3M-12,-21.58,-12.65
2B-3M-13,-21.58,-14.5
2B-3M-14,-21.58,-14.5
2B-3M-15,-21.58,-16.35
2B-3M-16,-21.58,-16.35
2B-3N-01,-19.02,-16.35
2B-3N-02,-19.02,-16.35
2B-3N-03,-19.02,-14.5
2B-3N-04,-19.02,-14.5
2B-3N-05,-19.02,-12.65
2B-3N-06,-19.02,-12.65
2B-3N-07,-19.02,-10.8
2B-3N-08,-19.02,-10.8
2B-3N-09,-19.02,-8.95
2B-3N-10,-19.02,-8.95
2B-3N-11,-19.02,-7.1
2B-3N-12,-19.02,-7.1
2B-3N-13,-19.02,-5.25
2B-3N-14,-19.02,-5.25
2B-3N-15,-19.02,-3.4
2B-3N-16,-19.02,-3.4
2B-3O-01,-16.46,-3.4
2B-3O-02,-16.46,-3.4
2B-3O-03,-16.46,-5.25
2B-3O-04,-16.46,-5.25
2B-3O-05,-16.46,-7.1
2B-3O-06,-16.46,-7.1
2B-3O-07,-16.46,-8.95
2B-3O-08,-16.46,-8.95
2B-3O-09,-16.46,-10.8
2B-3O-10,-16.46,-10.8
2B-3O-11,-16.46,-12.65
2B-3O-12,-16.46,-12.65
2B-3O-13,-16.46,-14.5
2B-3O-14,-16.46,-14.5
2B-3O-15,-16.46,-16.35
2B-3O-16,-16.46,-16.35
2C-1A-01,-26.03,22.96
2C-1A-02,-26.03,22.96
2C-1A-03,-26.03,24.61
2C-1A-04,-26.03,24.61
2C-1A-05,-26.03,26.26
2C-1A-06,-26.03,26.26
2C-1A-07,-26.03,27.91
2C-1A-08,-26.03,27.91
2C-1A-09,-26.03,29.56
2C-1A-10,-26.03,29.56
2C-1A-11,-26.03,31.21
2C-1A-12,-26.03,31.21
2C-1A-13,-26.03,32.86
2C-1A-14,-26.03,32.86
2C-1A-15,-26.03,34.51
2C-1A-16,-26.03,34.51
2C-1B-01,-24.26,34.51
2C-1B-02,-24.26,34.51
2C-1B-03,-24.26,32.86
2C-1B-04,-24.26,32.86
2C-1B-05,-24.26,31.21
2C-1B-06,-24.26,31.21
2C-1B-07,-24.26,29.56
2C-1B-08,-24.26,29.56
2C-1B-09,-24.26,27.91
2C-1B-10,-24.26,27.91
2C-1B-11,-24.26,26.26
2C-1B-12,-24.26,26.26
2C-1B-13,-24.26,24.61
2C-1B-14,-24.26,24.61
2C-1B-15,-24.26,22.96
2C-1B-16,-24.26,22.96
2C-1C-01,-22.49,22.96
2C-1C-02,-22.49,22.96
2C-1C-03,-22.49,24.61
2C-1C-04,-22.49,24.61
2C-1C-05,-22.49,26.26
2C-1C-06,-22.49,26.26
2C-1C-07,-22.49,27.91
2C-1C-08,-22.49,27.91
2C-1C-09,-22.49,29.56
2C-1C-10,-22.49,29.56
2C-1C-11,-22.49,31.21
2C-1C-12,-22.49,31.21
2C-1C-13,-22.49,32.86
2C-1C-14,-22.49,32.86
2C-1C-15,-22.49,34.51
2C-1C-16,-22.49,34.51
2C-1D-01,-20.72,34.51
2C-1D-02,-20.72,34.51
2C-1D-03,-20.72,32.86
2C-1D-04,-20.72,32.86
2C-1D-05,-20.72,31.21
2C-1D-06,-20.72,31.21
2C-1D-07,-20.72,29.56
2C-1D-08,-20.72,29.56
2C-1D-09,-20.72,27.91
2C-1D-10,-20.72,27.91
2C-1D-11,-20.72,26.26
2C-1D-12,-20.72,26.26
2C-1D-13,-20.72,24.61
2C-1D-14,-20.72,24.61
2C-1D-15,-20.72,22.96
2C-1D-16,-20.72,22.96
2C-1E-01,-18.95,22.96
2C-1E-02,-18.95,22.96
2C-1E-03,-18.95,24.61
2C-1E-04,-18.95,24.61
2C-1E-05,-18.95,26.26
2C-1E-06,-18.95,26.26
2C-1E-07,-18.95,27.91
2C-1E-08,-18.95,27.91
2C-1E-09,-18.95,29.56
2C-1E-10,-18.95,29.56
2C-1E-11,-18.95,31.21
2C-1E-12,-18.95,31.21
2C-1E-13,-18.95,32.86
2C-1E-14,-18.95,32.86
2C-1E-15,-18.95,34.51
2C-1E-16,-18.95,34.51
2C-1F-01,-17.18,34.51
2C-1F-02,-17.18,34.51
2C-1F-03,-17.18,32.86
2C-1F-04,-17.18,32.86
2C-1F-05,-17.18,31.21
2C-1F-06,-17.18,31.21
2C-1F-07,-17.18,29.56
2C-1F-08,-17.18,29.56
2C-1F-09,-17.18,27.91
2C-1F-10,-17.18,27.91
2C-1F-11,-17.18,26.26
2C-1F-12,-17.18,26.26
2C-1F-13,-17.18,24.61
2C-1F-14,-17.18,24.61
2C-1F-15,-17.18,22.96
2C-1F-16,-17.18,22.96
2C-1G-01,-15.41,22.96
2C-1G-02,-15.41,22.96
2C-1G-03,-15.41,24.61
2C-1G-04,-15.41,24.61
2C-1G-05,-15.41,26.26
2C-1G-06,-15.41,26.26
2C-1G-07,-15.41,27.91
2C-1G-08,-15.41,27.91
2C-1G-09,-15.41,29.56
2C-1G-10,-15.41,29.56
2C-1G-11,-15.41,31.21
2C-1G-12,-15.41,31.21
2C-1G-13,-15.41,32.86
2C-1G-14,-15.41,32.86
2C-1G-15,-15.41,34.51
2C-1G-16,-15.41,34.51
2C-1H-01,-13.64,34.51
2C-1H-02,-13.64,34.51
2C-1H-03,-13.64,32.86
2C-1H-04,-13.64,32.86
2C-1H-05,-13.64,31.21
2C-1H-06,-13.64,31.21
2C-1H-07,-13.64,29.56
2C-1H-08,-13.64,29.56
2C-1H-09,-13.64,27.91
2C-1H-10,-13.64,27.91
2C-1H-11,-13.64,26.26
2C-1H-12,-13.64,26.26
2C-1H-13,-13.64,24.61
2C-1H-14,-13.64,24.61
2C-1H-15,-13.64,22.96
2C-1H-16,-13.64,22.96
2C-1I-01,-11.87,22.96
2C-1I-02,-11.87,22.96
2C-1I-03,-11.87,24.61
2C-1I-04,-11.87,24.61
2C-1I-05,-11.87,26.26
2C-1I-06,-11.87,26.26
2C-1I-07,-11.87,27.91
2C-1I-08,-11.87,27.91
2C-1I-09,-11.87,29.56
2C-1I-10,-11.87,29.56
2C-1I-11,-11.87,31.21
2C-1I-12,-11.87,31.21
2C-1I-13,-11.87,32.86
2C-1I-14,-11.87,32.86
2C-1I-15,-11.87,34.51
2C-1I-16,-11.87,34.51
2C-1J-01,-10.1,34.51
2C-1J-02,-10.1,34.51
2C-1J-03,-10.1,32.86
2C-1J-04,-10.1,32.86
2C-1J-05,-10.1,31.21
2C-1J-06,-10.1,31.21
2C-1J-07,-10.1,29.56
2C-1J-08,-10.1,29.56
2C-1J-09,-10.1,27.91
2C-1J-10,-10.1,27.91
2C-1J-11,-10.1,26.26
2C-1J-12,-10.1,26.26
2C-1J-13,-10.1,24.61
2C-1J-14,-10.1,24.61
2C-1J-15,-10.1,22.96
2C-1J-16,-10.1,22.96
2C-1K-01,-8.33,22.96
2C-1K-02,-8.33,22.96
2C-1K-03,-8.33,24.61
2C-1K-04,-8.33,24.61
2C-1K-05,-8.33,26.26
2C-1K-06,-8.33,26.26
2C-1K-07,-8.33,27.91
2C-1K-08,-8.33,27.91
2C-1K-09,-8.33,29.56
2C-1K-10,-8.33,29.56
2C-1K-11,-8.33,31.21
2C-1K-12,-8.33,31.21
2C-1K-13,-8.33,32.86
2C-1K-14,-8.33,32.86
2C-1K-15,-8.33,34.51
2C-1K-16,-8.33,34.51
2C-1L-01,-6.56,34.51
2C-1L-02,-6.56,34.51
2C-1L-03,-6.56,32.86
2C-1L-04,-6.56,32.86
2C-1L-05,-6.56,31.21
2C-1L-06,-6.56,31.21
2C-1L-07,-6.56,29.56
2C-1L-08,-6.56,29.56
2C-1L-09,-6.56,27.91
2C-1L-10,-6.56,27.91
2C-1L-11,-6.56,26.26
2C-1L-12,-6.56,26.26
2C-1L-13,-6.56,24.61
2C-1L-14,-6.56,24.61
2C-1L-15,-6.56,22.96
2C-1L-16,-6.56,22.96
2C-1M-01,-4.79,22.96
2C-1M-02,-4.79,22.96
2C-1M-03,-4.79,24.61
2C-1M-04,-4.79,24.61
2C-1M-05,-4.79,26.26
2C-1M-06,-4.79,26.26
2C-1M-07,-4.79,27.91
2C-1M-08,-4.79,27.91
2C-1M-09,-4.79,29.56
2C-1M-10,-4.79,29.56
2C-1M-11,-4.79,31.21
2C-1M-12,-4.79,31.21
2C-1M-13,-4.79,32.86
2C-1M-14,-4.79,32.86
2C-1M-15,-4.79,34.51
2C-1M-16,-4.79,34.51
2C-1N-01,-3.02,34.51
2C-1N-02,-3.02,34.51
2C-1N-03,-3.02,32.86
2C-1N-04,-3.02,32.86
2C-1N-05,-3.02,31.21
2C-1N-06,-3.02,31.21
2C-1N-07,-3.02,29.56
2C-1N-08,-3.02,29.56
2C-1N-09,-3.02,27.91
2C-1N-10,-3.02,27.91
2C-1N-11,-3.02,26.26
2C-1N-12,-3.02,26.26
2C-1N-13,-3.02,24.61
2C-1N-14,-3.02,24.61
2C-1N-15,-3.02,22.96
2C-1N-16,-3.02,22.96
2C-1O-01,-1.25,22.96
2C-1O-02,-1.25,22.96
2C-1O-03,-1.25,24.61
2C-1O-04,-1.25,24.61
2C-1O-05,-1.25,26.26
2C-1O-06,-1.25,26.26
2C-1O-07,-1.25,27.91
2C-1O-08,-1.25,27.91
2C-1O-09,-1.25,29.56
2C-1O-10,-1.25,29.56
2C-1O-11,-1.25,31.21
2C-1O-12,-1.25,31.21
2C-1O-13,-1.25,32.86
2C-1O-14,-1.25,32.86
2C-1O-15,-1.25,34.51
2C-1O-16,-1.25,34.51
2C-2A-01,-26.22,0.09
2C-2A-02,-26.22,0.09
2C-2A-03,-26.22,2.09
2C-2A-04,-26.22,2.09
2C-2A-05,-26.22,4.09
2C-2A-06,-26.22,4.09
2C-2A-07,-26.22,6.09
2C-2A-08,-26.22,6.09
2C-2A-09,-26.22,8.09
2C-2A-10,-26.22,8.09
2C-2A-11,-26.22,10.09
2C-2A-12,-26.22,10.09
2C-2A-13,-26.22,12.09
2C-2A-14,-26.22,12.09
2C-2A-15,-26.22,14.09
2C-2A-16,-26.22,14.09
2C-2A-17,-26.22,16.09
2C-2A-18,-26.22,16.09
2C-2B-01,-24.68,16.09
2C-2B-02,-24.68,16.09
2C-2B-03,-24.68,14.09
2C-2B-04,-24.68,14.09
2C-2B-05,-24.68,12.09
2C-2B-06,-24.68,12.09
2C-2B-07,-24.68,10.09
2C-2B-08,-24.68,10.09
2C-2B-09,-24.68,8.09
2C-2B-10,-24.68,8.09
2C-2B-11,-24.68,6.09
2C-2B-12,-24.68,6.09
2C-2B-13,-24.68,4.09
2C-2B-14,-24.68,4.09
2C-2B-15,-24.68,2.09
2C-2B-16,-24.68,2.09
2C-2B-17,-24.68,0.09
2C-2B-18,-24.68,0.09
2C-2C-01,-23.14,0.09
2C-2C-02,-23.14,0.09
2C-2C-03,-23.14,2.09
2C-2C-04,-23.14,2.09
2C-2C-05,-23.14,4.09
2C-2C-06,-23.14,4.09
2C-2C-07,-23.14,6.09
2C-2C-08,-23.14,6.09
2C-2C-09,-23.14,8.09
2C-2C-10,-23.14,8.09
2C-2C-11,-23.14,10.09
2C-2C-12,-23.14,10.09
2C-2C-13,-23.14,12.09
2C-2C-14,-23.14,12.09
2C-2C-15,-23.14,14.09
2C-2C-16,-23.14,14.09
2C-2C-17,-23.14,16.09
2C-2C-18,-23.14,16.09
2C-2D-01,-21.6,16.09
2C-2D-02,-21.6,16.09
2C-2D-03,-21.6,14.09
2C-2D-04,-21.6,14.09
2C-2D-05,-21.6,12.09
2C-2D-06,-21.6,12.09
2C-2D-07,-21.6,10.09
2C-2D-08,-21.6,10.09
2C-2D-09,-21.6,8.09
2C-2D-10,-21.6,8.09
2C-2D-11,-21.6,6.09
2C-2D-12,-21.6,6.09
2C-2D-13,-21.6,4.09
2C-2D-14,-21.6,4.09
2C-2D-15,-21.6,2.09
2C-2D-16,-21.6,2.09
2C-2D-17,-21.6,0.09
2C-2D-18,-21.6,0.09
2C-2E-01,-20.06,0.09
2C-2E-02,-20.06,0.09
2C-2E-03,-20.06,2.09
2C-2E-04,-20.06,2.09
2C-2E-05,-20.06,4.09
2C-2E-06,-20.06,4.09
2C-2E-07,-20.06,6.09
2C-2E-08,-20.06,6.09
2C-2E-09,-20.06,8.09
2C-2E-10,-20.06,8.09
2C-2E-11,-20.06,10.09
2C-2E-12,-20.06,10.09
2C-2E-13,-20.06,12.09
2C-2E-14,-20.06,12.09
2C-2E-15,-20.06,14.09
2C-2E-16,-20.06,14.09
2C-2E-17,-20.06,16.09
2C-2E-18,-20.06,16.09
2C-2F-01,-18.52,16.09
2C-2F-02,-18.52,16.09
2C-2F-03,-18.52,14.09
2C-2F-04,-18.52,14.09
2C-2F-05,-18.52,12.09
2C-2F-06,-18.52,12.09
2C-2F-07,-18.52,10.09
2C-2F-08,-18.52,10.09
2C-2F-09,-18.52,8.09
2C-2F-10,-18.52,8.09
2C-2F-11,-18.52,6.09
2C-2F-12,-18.52,6.09
2C-2F-13,-18.52,4.09
2C-2F-14,-18.52,4.09
2C-2F-15,-18.52,2.09
2C-2F-16,-18.52,2.09
2C-2F-17,-18.52,0.09
2C-2F-18,-18.52,0.09
2C-2G-01,-9.28,0.09
2C-2G-02,-9.28,0.09
2C-2G-03,-9.28,2.09
2C-2G-04,-9.28,2.09
2C-2G-05,-9.28,4.09
2C-2G-06,-9.28,4.09
2C-2G-07,-9.28,6.09
2C-2G-08,-9.28,6.09
2C-2G-09,-9.28,8.09
2C-2G-10,-9.28,8.09
2C-2G-11,-9.28,10.09
2C-2G-12,-9.28,10.09
2C-2G-13,-9.28,12.09
2C-2G-14,-9.28,12.09
2C-2G-15,-9.28,14.09
2C-2G-16,-9.28,14.09
2C-2G-17,-9.28,16.09
2C-2G-18,-9.28,16.09
2C-2H-01,-7.74,16.09
2C-2H-02,-7.74,16.09
2C-2H-03,-7.74,14.09
2C-2H-04,-7.74,14.09
2C-2H-05,-7.74,12.09
2C-2H-06,-7.74,12.09
2C-2H-07,-7.74,10.09
2C-2H-08,-7.74,10.09
2C-2H-09,-7.74,8.09
2C-2H-10,-7.74,8.09
2C-2H-11,-7.74,6.09
2C-2H-12,-7.74,6.09
2C-2H-13,-7.74,4.09
2C-2H-14,-7.74,4.09
2C-2H-15,-7.74,2.09
2C-2H-16,-7.74,2.09
2C-2H-17,-7.74,0.09
2C-2H-18,-7.74,0.09
2C-2I-01,-6.2,0.09
2C-2I-02,-6.2,0.09
2C-2I-03,-6.2,2.09
2C-2I-04,-6.2,2.09
2C-2I-05,-6.2,4.09
2C-2I-06,-6.2,4.09
2C-2I-07,-6.2,6.09
2C-2I-08,-6.2,6.09
2C-2I-09,-6.2,8.09
2C-2I-10,-6.2,8.09
2C-2I-11,-6.2,10.09
2C-2I-12,-6.2,10.09
2C-2I-13,-6.2,12.09
2C-2I-14,-6.2,12.09
2C-2I-15,-6.2,14.09
2C-2I-16,-6.2,14.09
2C-2I-17,-6.2,16.09
2C-2I-18,-6.2,16.09
2C-2J-01,-4.66,16.09
2C-2J-02,-4.66,16.09
2C-2J-03,-4.66,14.09
2C-2J-04,-4.66,14.09
2C-2J-05,-4.66,12.09
2C-2J-06,-4.66,12.09
2C-2J-07,-4.66,10.09
2C-2J-08,-4.66,10.09
2C-2J-09,-4.66,8.09
2C-2J-10,-4.66,8.09
2C-2J-11,-4.66,6.09
2C-2J-12,-4.66,6.09
2C-2J-13,-4.66,4.09
2C-2J-14,-4.66,4.09
2C-2J-15,-4.66,2.09
2C-2J-16,-4.66,2.09
2C-2J-17,-4.66,0.09
2C-2J-18,-4.66,0.09
2C-2K-01,-3.12,0.09
2C-2K-02,-3.12,0.09
2C-2K-03,-3.12,2.09
2C-2K-04,-3.12,2.09
2C-2K-05,-3.12,4.09
2C-2K-06,-3.12,4.09
2C-2K-07,-3.12,6.09
2C-2K-08,-3.12,6.09
2C-2K-09,-3.12,8.09
2C-2K-10,-3.12,8.09
2C-2K-11,-3.12,10.09
2C-2K-12,-3.12,10.09
2C-2K-13,-3.12,12.09
2C-2K-14,-3.12,12.09
2C-2K-15,-3.12,14.09
2C-2K-16,-3.12,14.09
2C-2K-17,-3.12,16.09
2C-2K-18,-3.12,16.09
2C-2L-01,-1.58,16.09
2C-2L-02,-1.58,16.09
2C-2L-03,-1.58,14.09
2C-2L-04,-1.58,14.09
2C-2L-05,-1.58,12.09
2C-2L-06,-1.58,12.09
2C-2L-07,-1.58,10.09
2C-2L-08,-1.58,10.09
2C-2L-09,-1.58,8.09
2C-2L-10,-1.58,8.09
2C-2L-11,-1.58,6.09
2C-2L-12,-1.58,6.09
2C-2L-13,-1.58,4.09
2C-2L-14,-1.58,4.09
2C-2L-15,-1.58,2.09
2C-2L-16,-1.58,2.09
2C-2L-17,-1.58,0.09
2C-2L-18,-1.58,0.09
2C-3A-01,-25.39,-3.2
2C-3A-02,-25.39,-3.2
2C-3A-03,-25.39,-3.64
2C-3A-04,-25.39,-3.64
2C-3A-05,-25.39,-5.96
2C-3A-06,-25.39,-5.96
2C-3A-07,-25.39,-8.28
2C-3A-08,-25.39,-8.28
2C-3A-09,-25.39,-10.6
2C-3A-10,-25.39,-10.6
2C-3A-11,-25.39,-12.92
2C-3A-12,-25.39,-12.92
2C-3A-13,-25.39,-15.24
2C-3A-14,-25.39,-15.24
2C-3A-15,-25.39,-17
2C-3A-16,-25.39,-17
2C-3B-01,-23.68,-17
2C-3B-02,-23.68,-17
2C-3B-03,-23.68,-15.24
2C-3B-04,-23.68,-15.24
2C-3B-05,-23.68,-12.92
2C-3B-06,-23.68,-12.92
2C-3B-07,-23.68,-10.6
2C-3B-08,-23.68,-10.6
2C-3B-09,-23.68,-8.28
2C-3B-10,-23.68,-8.28
2C-3B-11,-23.68,-5.96
2C-3B-12,-23.68,-5.96
2C-3B-13,-23.68,-3.64
2C-3B-14,-23.68,-3.64
2C-3B-15,-23.68,-3.2
2C-3B-16,-23.68,-3.2
2C-3C-01,-21.97,-3.2
2C-3C-02,-21.97,-3.2
2C-3C-03,-21.97,-3.64
2C-3C-04,-21.97,-3.64
2C-3C-05,-21.97,-5.96
2C-3C-06,-21.97,-5.96
2C-3C-07,-21.97,-8.28
2C-3C-08,-21.97,-8.28
2C-3C-09,-21.97,-10.6
2C-3C-10,-21.97,-10.6
2C-3C-11,-21.97,-12.92
2C-3C-12,-21.97,-12.92
2C-3C-13,-21.97,-15.24
2C-3C-14,-21.97,-15.24
2C-3C-15,-21.97,-17
2C-3C-16,-21.97,-17
2C-3D-01,-20.26,-17
2C-3D-02,-20.26,-17
2C-3D-03,-20.26,-15.24
2C-3D-04,-20.26,-15.24
2C-3D-05,-20.26,-12.92
2C-3D-06,-20.26,-12.92
2C-3D-07,-20.26,-10.6
2C-3D-08,-20.26,-10.6
2C-3D-09,-20.26,-8.28
2C-3D-10,-20.26,-8.28
2C-3D-11,-20.26,-5.96
2C-3D-12,-20.26,-5.96
2C-3D-13,-20.26,-3.64
2C-3D-14,-20.26,-3.64
2C-3D-15,-20.26,-3.2
2C-3D-16,-20.26,-3.2
2C-3E-01,-18.55,-3.2
2C-3E-02,-18.55,-3.2
2C-3E-03,-18.55,-3.64
2C-3E-04,-18.55,-3.64
2C-3E-05,-18.55,-5.96
2C-3E-06,-18.55,-5.96
2C-3E-07,-18.55,-8.28
2C-3E-08,-18.55,-8.28
2C-3E-09,-18.55,-10.6
2C-3E-10,-18.55,-10.6
2C-3E-11,-18.55,-12.92
2C-3E-12,-18.55,-12.92
2C-3E-13,-18.55,-15.24
2C-3E-14,-18.55,-15.24
2C-3E-15,-18.55,-17
2C-3E-16,-18.55,-17
2C-3F-01,-16.84,-17
2C-3F-02,-16.84,-17
2C-3F-03,-16.84,-15.24
2C-3F-04,-16.84,-15.24
2C-3F-05,-16.84,-12.92
2C-3F-06,-16.84,-12.92
2C-3F-07,-16.84,-10.6
2C-3F-08,-16.84,-10.6
2C-3F-09,-16.84,-8.28
2C-3F-10,-16.84,-8.28
2C-3F-11,-16.84,-5.96
2C-3F-12,-16.84,-5.96
2C-3F-13,-16.84,-3.64
2C-3F-14,-16.84,-3.64
2C-3F-15,-16.84,-3.2
2C-3F-16,-16.84,-3.2
2C-3G-01,-15.13,-3.2
2C-3G-02,-15.13,-3.2
2C-3G-03,-15.13,-3.64
2C-3G-04,-15.13,-3.64
2C-3G-05,-15.13,-5.96
2C-3G-06,-15.13,-5.96
2C-3G-07,-15.13,-8.28
2C-3G-08,-15.13,-8.28
2C-3G-09,-15.13,-10.6
2C-3G-10,-15.13,-10.6
2C-3G-11,-15.13,-12.92
2C-3G-12,-15.13,-12.92
2C-3G-13,-15.13,-15.24
2C-3G-14,-15.13,-15.24
2C-3G-15,-15.13,-17
2C-3G-16,-15.13,-17
2C-3H-01,-13.42,-17
2C-3H-02,-13.42,-17
2C-3H-03,-13.42,-15.24
2C-3H-04,-13.42,-15.24
2C-3H-05,-13.42,-12.92
2C-3H-06,-13.42,-12.92
2C-3H-07,-13.42,-10.6
2C-3H-08,-13.42,-10.6
2C-3H-09,-13.42,-8.28
2C-3H-10,-13.42,-8.28
2C-3H-11,-13.42,-5.96
2C-3H-12,-13.42,-5.96
2C-3H-13,-13.42,-3.64
2C-3H-14,-13.42,-3.64
2C-3H-15,-13.42,-3.2
2C-3H-16,-13.42,-3.2
2C-3I-01,-11.71,-3.2
2C-3I-02,-11.71,-3.2
2C-3I-03,-11.71,-3.64
2C-3I-04,-11.71,-3.64
2C-3I-05,-11.71,-5.96
2C-3I-06,-11.71,-5.96
2C-3I-07,-11.71,-8.28
2C-3I-08,-11.71,-8.28
2C-3I-09,-11.71,-10.6
2C-3I-10,-11.71,-10.6
2C-3I-11,-11.71,-12.92
2C-3I-12,-11.71,-12.92
2C-3I-13,-11.71,-15.24
2C-3I-14,-11.71,-15.24
2C-3I-15,-11.71,-17
2C-3I-16,-11.71,-17
2C-3J-01,-10,-17
2C-3J-02,-10,-17
2C-3J-03,-10,-15.24
2C-3J-04,-10,-15.24
2C-3J-05,-10,-12.92
2C-3J-06,-10,-12.92
2C-3J-07,-10,-10.6
2C-3J-08,-10,-10.6
2C-3J-09,-10,-8.28
2C-3J-10,-10,-8.28
2C-3J-11,-10,-5.96
2C-3J-12,-10,-5.96
2C-3J-13,-10,-3.64
2C-3J-14,-10,-3.64
2C-3J-15,-10,-3.2
2C-3J-16,-10,-3.2
2D-1A-01,0.98,22.06
2D-1A-02,0.98,22.06
2D-1A-03,0.98,23.65
2D-1A-04,0.98,23.65
2D-1A-05,0.98,25.24
2D-1A-06,0.98,25.24
2D-1A-07,0.98,26.83
2D-1A-08,0.98,26.83
2D-1A-09,0.98,28.42
2D-1A-10,0.98,28.42
2D-1A-11,0.98,30.01
2D-1A-12,0.98,30.01
2D-1A-13,0.98,31.6
2D-1A-14,0.98,31.6
2D-1A-15,0.98,33.19
2D-1A-16,0.98,33.19
2D-1B-01,2.93,33.19
2D-1B-02,2.93,33.19
2D-1B-03,2.93,31.6
2D-1B-04,2.93,31.6
2D-1B-05,2.93,30.01
2D-1B-06,2.93,30.01
2D-1B-07,2.93,28.42
2D-1B-08,2.93,28.42
2D-1B-09,2.93,26.83
2D-1B-10,2.93,26.83
2D-1B-11,2.93,25.24
2D-1B-12,2.93,25.24
2D-1B-13,2.93,23.65
2D-1B-14,2.93,23.65
2D-1B-15,2.93,22.06
2D-1B-16,2.93,22.06
2D-1C-01,4.85,22.06
2D-1C-02,4.85,22.06
2D-1C-03,4.85,23.65
2D-1C-04,4.85,23.65
2D-1C-05,4.85,25.24
2D-1C-06,4.85,25.24
2D-1C-07,4.85,26.83
2D-1C-08,4.85,26.83
2D-1C-09,4.85,28.42
2D-1C-10,4.85,28.42
2D-1C-11,4.85,30.01
2D-1C-12,4.85,30.01
2D-1C-13,4.85,31.6
2D-1C-14,4.85,31.6
2D-1C-15,4.85,33.19
2D-1C-16,4.85,33.19
2D-1D-01,6.58,33.19
2D-1D-02,6.58,33.19
2D-1D-03,6.58,31.6
2D-1D-04,6.58,31.6
2D-1D-05,6.58,30.01
2D-1D-06,6.58,30.01
2D-1D-07,6.58,28.42
2D-1D-08,6.58,28.42
2D-1D-09,6.58,26.83
2D-1D-10,6.58,26.83
2D-1D-11,6.58,25.24
2D-1D-12,6.58,25.24
2D-1D-13,6.58,23.65
2D-1D-14,6.58,23.65
2D-1D-15,6.58,22.06
2D-1D-16,6.58,22.06